attraction,activity_type,county,time_to_visit,description
Geirangerfjord,Sightseeing / Nature,Møre og Romsdal,May - September,"One of Norway’s most iconic fjords, surrounded by steep cliffs, waterfalls, and small farms. It is a UNESCO World Heritage Site and offers boat tours, kayaking, and breathtaking viewpoints such as Dalsnibba."
Preikestolen (Pulpit Rock),Hiking,Rogaland,May - October,A flat plateau on a steep cliff 604 meters above Lysefjord. The hike takes 2–4 hours each way and rewards visitors with one of Norway’s most photographed panoramic views.
Trolltunga,Hiking,Vestland,June - September,"A famous rock ledge jutting horizontally out from the mountain. The demanding 10–12 hour hike is popular among adventure seekers, offering spectacular views over Ringedalsvatnet lake."
Lofoten Islands,Sightseeing / Outdoor Activities,Nordland,June - August,"An Arctic archipelago with dramatic peaks, sandy beaches, fishing villages, and midnight sun. Popular for hiking, fishing, kayaking, and photography, the islands are also known for traditional rorbuer cabins."
North Cape (Nordkapp),Sightseeing,Troms og Finnmark,May - August,"The northernmost point accessible by car in Europe. Visitors come for midnight sun in summer, Arctic landscapes, and the iconic globe monument on the cliff overlooking the Barents Sea."
Oslo Opera House,Architecture / Culture,Oslo,Year-round,"A striking white marble building resembling an iceberg. Visitors can walk on its sloping roof, enjoy Oslo Fjord views, and attend opera or ballet performances inside the award-winning architecture."
Bergen Bryggen,Cultural Heritage,Vestland,May - September,"A UNESCO World Heritage Site featuring colorful wooden houses along the old Hanseatic wharf. Today it hosts museums, shops, and restaurants, offering insight into Bergen’s medieval trading history."
Flåm Railway,Train Journey,Vestland,May - September,"One of the steepest railway lines in the world. The train journey between Flåm and Myrdal passes waterfalls, mountains, and valleys, making it a highlight of Norwegian scenic travel."
Svalbard,Adventure / Wildlife,Svalbard,February - September,"An Arctic archipelago between mainland Norway and the North Pole. Known for polar bears, glaciers, and northern lights, it offers unique wilderness adventures such as snowmobiling, dog sledding, and boat trips."
Atlantic Road (Atlanterhavsveien),Scenic Drive,Møre og Romsdal,May - September,"A dramatic coastal drive linking islands with sweeping bridges. Famous for engineering and ocean views, it is often called the world’s most beautiful drive, particularly impressive during stormy weather."
Kjeragbolten,Hiking,Rogaland,June - September,"A massive boulder wedged between cliffs 984 meters above Lysefjord. Adventurous hikers can step onto the rock for dramatic photos, while the hike also offers views of waterfalls and mountains."
Rondane National Park,Hiking / Nature,Innlandet,June - September,"Norway’s first national park, known for high mountains and wild reindeer. Popular hiking routes include Rondeslottet, with spectacular views of the surrounding peaks and landscapes."
Vigeland Park,Art / Park,Oslo,Year-round,"The world’s largest sculpture park created by a single artist. It features more than 200 works by Gustav Vigeland, exploring human life and emotions, set within landscaped gardens."
Akershus Fortress,History / Culture,Oslo,April - October,"A medieval castle and fortress built in the 13th century. Today it houses museums, royal history exhibitions, and offers panoramic views of Oslo and the fjord."
Røros Mining Town,Cultural Heritage,Trøndelag,June - September,"A UNESCO World Heritage Site and former copper-mining town. Known for its well-preserved wooden houses, traditional architecture, and annual winter festival, it reflects Norway’s industrial and cultural history."
Hardangervidda National Park,Hiking / Nature,Vestland,June - September,"Europe’s largest mountain plateau, rich in wildlife and hiking trails. Known for wild reindeer herds, fishing lakes, and glaciers, it’s ideal for outdoor enthusiasts seeking vast open landscapes."
Nidaros Cathedral,Historical / Religious,Trøndelag,Year-round,"Located in Trondheim, this Gothic cathedral is Norway’s most important church. Built over the burial site of Saint Olav, it is the northernmost medieval cathedral in the world."
Lysefjord,Sightseeing / Nature,Rogaland,May - September,"A dramatic fjord stretching 42 kilometers, known for steep cliffs such as Preikestolen and Kjerag. Boat tours and hikes offer stunning views of this natural wonder."
Tromsø,Culture / Northern Lights,Troms og Finnmark,September - March,"An Arctic city known as the gateway to the north. Popular for northern lights, whale safaris, cultural festivals, and the striking Arctic Cathedral."
Jotunheimen National Park,Hiking / Nature,Innlandet,June - September,"A mountainous park home to Norway’s highest peaks. Popular for multi-day hikes and routes like Besseggen Ridge, it offers breathtaking alpine scenery and rich wildlife."
Aurlandsdalen Valley,Hiking,Vestland,June - September,"A scenic valley often called Norway’s Grand Canyon. The hike passes rivers, waterfalls, and farms, offering a mix of cultural history and natural beauty."
Saltstraumen,Nature / Adventure,Nordland,April - September,One of the world’s strongest tidal currents near Bodø. Visitors can watch whirlpools from land or join boat tours for thrilling close encounters.
Hurtigruten Coastal Voyage,Cruise / Sightseeing,Multiple counties,Year-round,"A historic coastal voyage from Bergen to Kirkenes. It offers breathtaking fjords, northern lights in winter, and midnight sun in summer."
Lindesnes Lighthouse,Sightseeing / History,Agder,May - September,"Norway’s oldest lighthouse, marking the country’s southernmost point. It features exhibitions, coastal walks, and panoramic ocean views."
Alta Rock Carvings,Cultural Heritage,Troms og Finnmark,June - September,"A UNESCO World Heritage Site with thousands of prehistoric rock carvings. The carvings depict hunting, animals, and rituals dating back 7,000 years."
Senja Island,Sightseeing / Outdoor Activities,Troms og Finnmark,June - August,"Norway’s second-largest island, often called “miniature Norway.” It has dramatic mountains, fjords, beaches, and scenic roads less crowded than Lofoten."
Rondane Scenic Route,Scenic Drive,Innlandet,June - September,"A designated National Tourist Route offering mountain views, cultural sites, and hiking trails. It passes through pristine landscapes in Rondane National Park."
Rjukan and Vemork,History / Culture,Vestfold og Telemark,May - September,"A UNESCO-listed industrial site. Known for its role in WWII sabotage missions, the museum tells the story of heavy water production."
Hamnøy,Photography / Fishing Village,Nordland,June - August,"One of Lofoten’s most photographed fishing villages. Famous for red rorbuer cabins and dramatic mountain backdrops, it’s a dream location for photographers."
Ålesund,Architecture / Sightseeing,Møre og Romsdal,May - September,"A coastal city rebuilt in Art Nouveau style after a fire in 1904. It features colorful houses, Jugendstil architecture, and great viewpoints like Aksla."
Kjerag Waterfalls,Nature / Hiking,Rogaland,June - September,"Massive waterfalls cascading into Lysefjord. Often combined with the Kjeragbolten hike, they create dramatic scenery popular with nature enthusiasts."
Narvik War Museum,History / Culture,Nordland,Year-round,"A modern museum telling the story of World War II battles in Narvik. Exhibits include artifacts, films, and personal stories from the Arctic front."
Bygdøy Museums,Culture / History,Oslo,Year-round,"A peninsula with world-class museums, including the Viking Ship Museum, Kon-Tiki Museum, and Fram Museum, all showcasing Norway’s maritime history."
Hemsedal,Skiing / Outdoor Activities,Viken,December - April,"One of Norway’s top ski resorts. It offers alpine slopes, cross-country trails, and summer activities like hiking and mountain biking."
Sognefjell Road,Scenic Drive,Innlandet / Vestland,June - September,"Northern Europe’s highest mountain road, offering spectacular views of glaciers and peaks. It connects Jotunheimen with Sognefjord."
Henningsvær,Culture / Fishing Village,Nordland,June - August,"A picturesque fishing village in Lofoten, famous for its football pitch on a rocky islet. Known for galleries, restaurants, and Arctic charm."
Dovrefjell-Sunndalsfjella National Park,Wildlife / Hiking,Innlandet,June - September,"A rugged park home to musk oxen, wild reindeer, and dramatic mountains. Visitors can join guided safaris to see wildlife up close."
Kaupanger Stave Church,Historical / Religious,Vestland,May - September,"A well-preserved medieval stave church dating from the 12th century. Built in wood, it reflects Norway’s unique architectural tradition."
Nordland National Park Centre,Nature / Culture,Nordland,Year-round,"A visitor center with exhibitions about polar life, Sami culture, and natural history. It serves as a gateway to surrounding national parks."
Besseggen Ridge,Hiking,Innlandet,June - September,A famous ridge hike in Jotunheimen offering views of emerald-green Gjende lake and deep blue Bessvatnet. A challenging but rewarding route.
Kirkenes Snowhotel,Adventure / Accommodation,Troms og Finnmark,December - March,"A unique ice hotel rebuilt each winter. Guests can sleep on ice beds with reindeer skins, and enjoy husky sledding and northern lights."
Stalheimskleiva,Scenic Drive,Vestland,May - September,"One of Norway’s steepest roads, with 13 hairpin bends. It offers panoramic views of Nærøy Valley and waterfalls like Stalheimsfossen."
Heddal Stave Church,Historical / Religious,Vestfold og Telemark,May - September,"Norway’s largest stave church, built in the 13th century. Its wooden structure and carvings make it a remarkable example of medieval architecture."
Lyngen Alps,Adventure / Hiking / Skiing,Troms og Finnmark,February - September,"A dramatic mountain range north of Tromsø. Known for ski touring, glacier hiking, and northern lights, it offers adventures for experienced travelers."
Nordfjord,Sightseeing / Outdoor Activities,Vestland,May - September,"A fjord region with glaciers, mountains, and coastal scenery. Highlights include Briksdal Glacier and Stryn for summer skiing."
Alta Northern Lights Cathedral,Architecture / Culture,Troms og Finnmark,Year-round,"A modern church in Alta shaped like a spiral, symbolizing the aurora borealis. It features exhibitions about the northern lights."
Kvikne Copper Works,Cultural Heritage,Innlandet,June - September,Historic copper mines with guided tours. They highlight Norway’s mining history and the lives of workers in the 17th century.
Telemark Canal,Boat Trip / Culture,Vestfold og Telemark,May - September,"A historic waterway with 18 locks connecting Skien and Dalen. Known as the “eighth wonder of the world,” it offers scenic boat journeys."
Hallingdal Valley,Nature / Culture,Viken,June - September,"A picturesque valley with farms, mountains, and cultural traditions. Visitors enjoy outdoor activities, folk music, and summer festivals."
Molde (City of Roses),Culture / Sightseeing,Møre og Romsdal,May - August,"A coastal city famous for its gardens and annual jazz festival. Known as the “City of Roses,” it also offers stunning fjord and mountain views."
Vesterålen,Sightseeing / Wildlife,Nordland,June - August,"A scenic island group north of Lofoten, known for whale watching, midnight sun, and fishing villages. Less crowded but equally dramatic as its southern neighbor."
Drammen Spiral Tunnel,Architecture / Sightseeing,Viken,April - October,A unique helical road tunnel leading up to a viewpoint over Drammen. It spirals six times inside the mountain before reaching the top.
Gaustatoppen,Hiking / Sightseeing,Vestfold og Telemark,June - September,A popular mountain peak offering views over one-sixth of Norway on clear days. Accessible via hiking or the Gaustabanen funicular inside the mountain.
Munch Museum,Art / Culture,Oslo,Year-round,"A museum dedicated to artist Edvard Munch, showcasing “The Scream” and other masterpieces. The modern building also hosts events, concerts, and exhibitions."
Trondheim Old Town Bridge (Gamle Bybro),Historical / Sightseeing,Trøndelag,Year-round,A 17th-century wooden bridge known as “The Gateway to Happiness.” It offers charming views of the Nidelva River and colorful wooden houses.
Bodø,Culture / Nature,Nordland,Year-round,"A coastal city above the Arctic Circle, gateway to Saltstraumen and Lofoten ferries. Known for aviation history, modern art, and northern lights."
Hafjell,Skiing / Outdoor Activities,Innlandet,December - April,"One of Norway’s top ski resorts near Lillehammer. Offers alpine skiing in winter and downhill biking, hiking, and family attractions in summer."
Maihaugen Open-Air Museum,History / Culture,Innlandet,May - September,"One of Europe’s largest open-air museums, showcasing over 200 historic buildings. It illustrates Norwegian rural life from medieval times to the 20th century."
Dalsnibba Skywalk,Viewpoint / Scenic Drive,Møre og Romsdal,June - September,"A famous viewpoint above Geiranger at 1,500 meters. Visitors enjoy panoramic views of fjords, mountains, and winding roads below."
Loen Skylift,Adventure / Viewpoint,Vestland,May - October,A cable car lifting visitors from fjord to mountain top in just minutes. It offers breathtaking views and access to hiking trails.
Norwegian Glacier Museum,Culture / Nature,Vestland,May - September,"An interactive museum in Fjærland, dedicated to glaciers and climate change. It combines science, exhibitions, and stunning glacier views."
Treriksrøysa,Sightseeing / Hiking,Troms og Finnmark,June - September,"The border point where Norway, Sweden, and Finland meet. Marked by a cairn, it’s a symbolic hiking destination in Arctic landscapes."
Kautokeino,Culture / Sami Traditions,Troms og Finnmark,February - April,"A center for Sami culture, reindeer herding, and handicrafts. The Easter Festival includes joik singing, reindeer racing, and cultural events."
Drammensbadet,Leisure / Indoor Activity,Viken,Year-round,"Norway’s largest indoor swimming complex with pools, slides, and saunas. A popular family destination in the Drammen region."
Odda,Culture / Outdoor Activities,Vestland,May - September,"A fjord town at the base of Trolltunga. Known for hiking, waterfalls, and industrial heritage, it blends outdoor adventures with cultural history."
Elverum Skogmuseum,Culture / Nature,Innlandet,May - September,A museum dedicated to forestry and hunting traditions. It showcases Norway’s close relationship with forests and rural life.
Risør,Culture / Coastal Town,Agder,June - August,"A charming white-painted coastal town, known for wooden houses, sailing traditions, and cultural festivals during summer."
Fredrikstad Fortress (Gamlebyen),Historical / Culture,Viken,April - October,"One of Europe’s best-preserved fortified towns. The old town features cobblestone streets, museums, and artisan shops."
Glomdalsmuseet,Culture / History,Innlandet,May - September,"An open-air museum in Elverum featuring traditional houses, Sami culture, and exhibitions about rural life in Eastern Norway."
Stavanger Cathedral,Historical / Religious,Rogaland,Year-round,"Norway’s oldest cathedral still in use, built around 1150. A blend of Romanesque and Gothic architecture, it stands at the heart of Stavanger."
Hvaler Islands,Sightseeing / Coastal Activities,Viken,June - August,"An archipelago of islands near Fredrikstad. Popular for summer boating, fishing, and sandy beaches, it’s a favorite holiday destination."
Selje Monastery,Historical / Culture,Vestland,May - September,"Ruins of a medieval monastery on Selja Island. Linked to Saint Sunniva, it is one of Norway’s earliest pilgrimage sites."
Stiklestad National Culture Centre,History / Culture,Trøndelag,June - September,"A historical site where Saint Olav fell in battle in 1030. It features exhibitions, open-air theatre, and medieval reenactments."
Setesdal Valley,Culture / Outdoor Activities,Agder,June - September,"A valley rich in folk traditions, crafts, and music. Visitors can enjoy river rafting, museums, and cultural festivals celebrating Norwegian heritage."
Lillehammer Olympic Park,Sports / Culture,Innlandet,Year-round,"The main site of the 1994 Winter Olympics. Facilities include ski jumps, luge tracks, and museums celebrating Olympic history."
Notodden Industrial Site,Cultural Heritage,Vestfold og Telemark,June - September,"A UNESCO World Heritage Site, birthplace of modern fertilizer production. It tells the story of Norway’s industrial revolution."
Vøringfossen Waterfall,Nature / Sightseeing,Vestland,May - September,"One of Norway’s most famous waterfalls, plunging 182 meters. A new viewing platform and walkways provide safe access to dramatic views."
Arendal,Culture / Coastal Town,Agder,June - August,"A charming southern town with wooden houses, festivals, and boat trips. Known for its cultural events and summer atmosphere."
Tvedestrand Book Town,Culture / Leisure,Agder,May - September,"A small town famous for its bookshops and literary festivals. Nestled by the fjord, it attracts book lovers and culture enthusiasts."
Henningsvær Football Field,Unique Attraction,Nordland,June - August,"A scenic football pitch on a rocky island in Lofoten. Surrounded by ocean and mountains, it’s one of the most photographed sports grounds in the world."
Balestrand,Culture / Fjord Village,Vestland,May - September,"A picturesque village on Sognefjord. Known for artists’ villas, fjord hotels, and stunning surroundings that inspired painters and writers."
Beitostølen,Skiing / Hiking,Innlandet,Year-round,A mountain village offering skiing in winter and hiking in summer. Family-friendly and located near Jotunheimen National Park.
Oppdal,Adventure / Skiing,Trøndelag,Year-round,"Known for skiing, hiking, and wildlife safaris. One of Norway’s best areas to spot wild musk oxen."
Hitra,Fishing / Coastal Activities,Trøndelag,May - September,"An island famous for fishing, seafood, and coastal culture. Visitors can explore villages, lighthouses, and scenic archipelago landscapes."
Ørlandet Coastal Fort,History / Culture,Trøndelag,May - September,"A coastal fortress from World War II with tunnels, exhibitions, and ocean views. It illustrates Norway’s military history."
Hallingdal Museum,Culture / History,Viken,May - September,"An open-air museum showcasing folk art, rural life, and cultural traditions of Hallingdal Valley. Known for its preserved farmhouses and exhibitions."
Kvitsøy,Coastal Culture,Rogaland,June - August,"An island group near Stavanger. Known for lighthouses, fishing traditions, and scenic landscapes, it offers peaceful coastal exploration."
Sørlandet Zoo and Amusement Park,Family Attraction,Agder,May - September,"Norway’s largest zoo and amusement park near Kristiansand. Popular for families with animals, rides, and themed attractions."
Mjøsa Lake,Nature / Leisure,Innlandet,June - September,"Norway’s largest lake, surrounded by towns like Gjøvik and Hamar. Known for boat trips, swimming, and cultural events."
Hadeland Glassworks,Culture / Craft,Viken,Year-round,"A historic glassblowing factory and cultural center. Visitors can watch glassblowers at work, shop for design items, and enjoy art exhibitions."
Norwegian Folk Museum,Culture / History,Oslo,Year-round,"An open-air museum with over 150 buildings. It includes the Gol Stave Church and exhibits on Norwegian folk culture, traditions, and history."
Hallingdal River,Fishing / Nature,Viken,June - September,A popular river for salmon fishing and rafting. It flows through a scenic valley with traditional farms and forests.
Oseberg Ship,Cultural Heritage,Vestfold og Telemark,Year-round,"A well-preserved Viking ship discovered near Tønsberg. Exhibited in Oslo, it is one of the most important archaeological finds from the Viking Age."
Drøbak Christmas House,Unique Attraction,Viken,Year-round,"A festive shop and attraction dedicated to Christmas. Located in the town of Drøbak, it is also home to Norway’s official Santa Claus."
Ulriken Cable Car,Adventure / Viewpoint,Vestland,May - September,"A cable car in Bergen taking visitors up Mount Ulriken. From the summit, panoramic views of the city and surrounding fjords unfold."
Kilden Performing Arts Centre,Culture / Architecture,Agder,Year-round,"A striking modern building in Kristiansand. Home to concerts, theatre, and opera, it is one of Norway’s premier cultural venues."
Nord-Odal Forests,Nature / Hiking,Innlandet,June - September,"A peaceful forest area known for hiking, fishing, and cabins. Popular among locals seeking quiet retreats in nature."
Rallarvegen (Navvies’ Road),Cycling / Hiking,Vestland / Innlandet,July - September,A historic road built during the construction of the Bergen Railway. Today it is one of Norway’s most popular cycling routes.
Skudeneshavn,Culture / Coastal Town,Rogaland,June - August,"A historic fishing town on Karmøy, often called Norway’s “summer city.” Known for white wooden houses, narrow streets, and maritime festivals."
Kongsberg Silver Mines,History / Adventure,Viken,May - September,Historic mines where visitors can take guided tours on a mining train deep underground. Once one of Europe’s largest silver sources.
Numedal Valley,Culture / History,Viken,May - September,"Known as the “Valley of Stave Churches,” it has the largest concentration of preserved medieval wooden churches in Norway."
Heddal Bygdetun,Culture / History,Vestfold og Telemark,May - September,"An open-air museum near Heddal Stave Church. It showcases rural life with historic buildings, crafts, and farming traditions."
Tvedestrand Archipelago,Nature / Coastal Activities,Agder,June - August,"A beautiful group of islands along the southern coast, perfect for boating, kayaking, and swimming in sheltered bays."
Lom Stave Church,Historical / Religious,Innlandet,May - September,"A large medieval stave church with unique carvings and history. Located near Jotunheimen, it combines cultural heritage with mountain landscapes."
Trysil,Skiing / Outdoor Activities,Innlandet,December - April,"Norway’s largest ski resort, offering downhill slopes, cross-country tracks, and summer biking and hiking opportunities."
Selbu,Culture / History,Trøndelag,Year-round,A town famous for the Selbu rose knitting pattern. Visitors can explore textile traditions and local culture.
Østfold Museum Halden,Culture / History,Viken,May - September,"A regional museum with exhibitions on industrial heritage, local history, and traditional crafts from Østfold county."
Karmøy Viking Farm,Cultural Heritage,Rogaland,May - September,"A reconstructed Viking settlement at Avaldsnes. Visitors experience Viking life, houses, and crafts, with festivals celebrating Norse traditions."
Bymarka,Nature / Hiking,Trøndelag,Year-round,"A forest and recreational area outside Trondheim. Known for lakes, trails, and cross-country skiing, it’s a local favorite for outdoor activities."
Røst,Sightseeing / Birdwatching,Nordland,June - August,"An island group at the edge of Lofoten, known for puffin colonies, fishing traditions, and dramatic ocean views."
Frognerseteren,Culture / Dining,Oslo,Year-round,"A traditional wooden restaurant at the top of Oslo, known for local dishes. Popular starting point for hikes and ski trips."
Halden Canal,Boat Trip / Culture,Viken,May - September,"A historic waterway with locks, lakes, and forests. Offers boat tours and outdoor activities along the Swedish border."
Mandal,Culture / Coastal Town,Agder,June - August,"Norway’s southernmost town, famous for its long sandy beaches and summer festivals. Known as a traditional seaside holiday spot."
Steinkjer Church,Historical / Religious,Trøndelag,Year-round,A modern church built after WWII destruction. Known for striking architecture and stained glass by artist Jakob Weidemann.
Stø,Wildlife / Fishing Village,Nordland,June - August,A village in Vesterålen famous for whale safaris and birdwatching. Offers authentic fishing culture and dramatic coastal scenery.
Kalvøya Island,Leisure / Nature,Viken,May - September,"A recreational island near Sandvika, popular for picnics, swimming, and concerts. Easily accessible by footbridge."
Sandefjord Whaling Museum,History / Culture,Vestfold og Telemark,Year-round,"Europe’s only dedicated whaling museum. Exhibits explore Norway’s whaling history, marine life, and Arctic expeditions."
Grimstad,Culture / Coastal Town,Agder,June - August,"A charming southern town known for its connection to writer Henrik Ibsen. Offers museums, boating, and summer festivals."
Ørsta,Hiking / Nature,Møre og Romsdal,June - September,"A gateway to the Sunnmøre Alps, known for hiking and skiing. Offers dramatic landscapes and fjord views."
Vangskyrkja (Voss Church),Historical / Religious,Vestland,Year-round,"A medieval stone church in Voss dating from the 13th century. Still in use today, it reflects Gothic influences."
Kongsvinger Fortress,Historical / Culture,Innlandet,May - September,"A 17th-century fortress overlooking the Glomma River. Visitors explore ramparts, museums, and panoramic views of the region."
Smøla,Wildlife / Outdoor Activities,Møre og Romsdal,May - September,"A coastal island with rich birdlife, including sea eagles. Known for kayaking, fishing, and cultural heritage."
Valdres Folkemuseum,Culture / History,Innlandet,May - September,"An open-air museum showcasing rural traditions, folk music, and architecture from the Valdres region."
Egersund,Culture / Coastal Town,Rogaland,June - August,"A small coastal town with colorful wooden houses, cultural festivals, and nearby hiking trails."
Fjellheisen Tromsø,Adventure / Viewpoint,Troms og Finnmark,Year-round,"A cable car to the mountain ledge Storsteinen. Offers panoramic views of Tromsø, mountains, and northern lights."
Åndalsnes,Adventure / Hiking,Møre og Romsdal,May - September,"Known as the mountaineering capital of Norway. Popular for Romsdalseggen Ridge hike, Trollveggen cliffs, and Rauma Railway."
Tysfjord,Nature / Culture,Nordland,June - August,"A fjord area known for Sami culture, orcas, and dramatic mountains. Popular for kayaking and whale watching."
Ringve Music Museum,Culture / Music,Trøndelag,Year-round,"Norway’s national museum of music and instruments. Located in a historic estate in Trondheim, it combines exhibitions and concerts."
Holmenkollen Ski Museum & Tower,Sports / Culture,Oslo,Year-round,"The world’s oldest ski museum, with exhibitions on skiing history. Visitors can climb the ski jump tower for panoramic city views."
Skibladner,Boat Trip / Culture,Innlandet,June - August,"The world’s oldest operational paddle steamer, sailing on Lake Mjøsa. A nostalgic journey combining culture, scenery, and dining."
Farsund,Culture / Coastal Town,Agder,June - August,"A historic town known for privateering history. Popular for sailing, fishing, and beaches."
Sogndal,Culture / Hiking,Vestland,Year-round,A fjord town combining student culture with access to Sognefjord and Jostedalsbreen Glacier. Popular for outdoor activities.
Malangen,Nature / Adventure,Troms og Finnmark,February - September,"A fjord area near Tromsø, known for northern lights, Sami culture, and wilderness lodges. Offers dog sledding and boat trips."
Sunndalsøra,Hiking / Nature,Møre og Romsdal,June - September,"Surrounded by high mountains and waterfalls, it is a base for hiking in Dovrefjell-Sunndalsfjella National Park."
Levanger,Culture / History,Trøndelag,Year-round,"A town with preserved wooden houses and historical streets. Hosts Norway’s oldest market fair, dating back to medieval times."
Mosjøen,Culture / Outdoor Activities,Nordland,June - August,"A town with historic wooden houses on Sjøgata Street. Surrounded by mountains, it’s a gateway to Helgeland region."
Stadlandet,Surfing / Coastal Activities,Vestland,June - September,"Known as Norway’s surfing capital, with powerful waves and beautiful beaches. Popular for extreme sports and coastal hikes."
Norwegian Petroleum Museum,Culture / History,Rogaland,Year-round,A modern museum in Stavanger explaining the history of Norway’s oil industry. Includes interactive exhibitions and offshore equipment.
Øye Stave Church,Historical / Religious,Viken,May - September,"A reconstructed stave church with authentic medieval design. Located in Valdres, it represents Norway’s religious heritage."
Vega Archipelago,Nature / Cultural Heritage,Nordland,June - August,"A UNESCO World Heritage Site, known for eiderdown harvesting traditions. The islands combine cultural history with dramatic coastal nature."
Selbu Church,Historical / Religious,Trøndelag,Year-round,A medieval stone church built around 1150. Known for Romanesque architecture and local traditions.
Sandhornøya,Nature / Beach Activities,Nordland,June - August,"An island with long sandy beaches, mountains, and art projects like the SALT cultural arena. Popular for summer recreation."
Tvedestrand Museum,Culture / History,Agder,May - September,"A local museum featuring maritime history, book culture, and traditional homes. Reflects southern coastal traditions."
Bømlo,Nature / Coastal Activities,Vestland,June - August,"An island with Viking history, lighthouses, and cultural traditions. Popular for fishing, hiking, and exploring archipelago landscapes."
Surnadal,Nature / Culture,Møre og Romsdal,May - September,"A valley with rivers, fishing, and cultural traditions. Known for folk music and outdoor adventures."
Helgeland Coast,Sightseeing / Outdoor Activities,Nordland,June - August,"A stunning stretch of coastline with thousands of islands, mountains, and beaches. Popular for kayaking and cycling."
Hjørundfjord,Sightseeing / Nature,Møre og Romsdal,June - September,"A scenic fjord surrounded by the Sunnmøre Alps. Known for dramatic cliffs, quiet villages, and hiking trails with panoramic views."
Runde Bird Island,Wildlife / Sightseeing,Vestland,April - August,"An island famous for seabird colonies, including puffins and gannets. Visitors enjoy guided tours, birdwatching, and coastal scenery."
Fauske,Nature / Outdoor Activities,Nordland,June - September,"A town near mountains and glaciers. Popular for hiking, climbing, and as a starting point to explore the Saltfjellet-Svartisen National Park."
Romsdalsfjord,Sightseeing / Nature,Møre og Romsdal,May - September,"A stunning fjord known for its steep cliffs, waterfalls, and charming coastal villages. Ideal for boat tours, kayaking, and scenic photography."
